eps,min_samples,n_clusters,n_noise,silhouette
0.3,5,451,13683,-0.3022313340317127
0.3,10,169,17877,-0.2093992179324043
0.5,5,145,5733,-0.43275428889082285
0.5,10,70,8103,-0.11552924606701986
0.7,5,103,2641,-0.17530671519948904
0.7,10,42,4083,-0.1867640335949709
